Crop,Average Yield (Kg/Hectare),N,P,K,Temperature,Humidity,pH,Rainfall
rice,128.77001178367652,79.89,47.58,39.87,23.6893322105,82.27282153889999,6.425470922139999,236.18111359399998
maize,20.158813128179673,77.76,48.44,19.79,22.389203910199996,65.0922494467,6.245189722399999,84.76698766300002
chickpea,23.928095740717747,40.09,67.79,79.92,18.8728467519,16.8604394237,7.33695662374,80.0589772605
cotton,28.045351187155166,117.77,46.24,19.56,23.988957895200006,79.8434742538,6.912675495780002,80.3980431193
